time,ADA,BCH,BTC,DOGE,ETH,LINK,LTC,MANA,XLM,XRP,SPXT,XCMP,USSOC,VIX
2021-09-11,0.106168695,0.011941865,0.006978782,0.005840634,0.017766505,0.023502654,0.025155065,0.017870257,0.025883838,0.022748815,0.0,0.0,0.0,0.0
2021-09-12,-0.020106222,0.016766448,0.019563336,0.038573206,0.042520428,0.09037037,0.025378151,0.017436267,0.024307692,0.037071362,0.0,0.0,0.0,0.0
2021-09-13,-0.070073558,-0.050196272,-0.023695258,-0.057907348,-0.035215486,-0.08423913,-0.020269901,-0.031201986,-0.042655452,-0.049151028,0.00229,-0.00065,0.00915,-0.07542
2021-09-14,-0.001665279,0.04212633,0.04827668,0.019923696,0.045854386,0.143545994,0.020410439,0.03001098,0.039221839,0.031015038,-0.0055,-0.0044,0.00915,0.00465
2021-09-15,0.044620517,0.019392009,0.021630838,0.029509559,0.052144177,-0.004216672,0.034047437,0.020135023,0.029891304,0.021877849,0.0085,0.00824,0.00915,-0.06578
2021-09-16,-0.034331337,-0.020723246,-0.007974919,-0.022607994,-0.012712919,-0.028990228,-0.02029491,-0.023104609,-0.030196423,-0.02676182,-0.00152,0.00136,-0.00369,0.02805
2021-09-17,-0.028524184,-0.028246997,-0.009766464,-0.009500207,-0.047752195,-0.070446159,-0.029724335,-0.029118136,-0.034764208,-0.022914757,-0.00911,-0.00908,0.00124,0.11343
2021-09-18,0.009361702,0.015338806,0.021448696,0.006672227,0.010868478,0.024539877,0.008562215,0.00734484,0.009082368,0.009380863,0.0,0.0,0.0,0.0
2021-09-19,-0.037942664,-0.034446681,-0.021954999,-0.035211268,-0.031116842,-0.03522367,-0.031532525,-0.028436019,-0.027001862,-0.025092937,0.0,0.0,0.0,0.0
2021-09-20,-0.088518843,-0.111656542,-0.091558494,-0.105195363,-0.108848401,-0.143483023,-0.108094262,-0.154846779,-0.10430622,-0.12221163,0.0,-0.02193,0.0,0.0
2021-09-21,-0.045673077,-0.068140235,-0.051621345,-0.036948177,-0.069546369,-0.087809037,-0.053034654,-0.094272606,-0.053062678,-0.051042572,-0.00077,0.00228,0.0,-0.05251
2021-09-22,0.137531486,0.086787513,0.070414858,0.119083209,0.115455402,0.143925234,0.088286831,0.198529412,0.100789771,0.149004349,0.00952,0.0102,0.01013,-0.14327
2021-09-23,0.031886625,0.008722946,0.030239477,0.0,0.024599854,0.039215686,0.015234085,0.041581459,0.035189614,-0.001992032,0.01218,0.01044,0.00125,-0.10733
2021-09-24,-0.021030043,-0.070989218,-0.045562122,-0.067675868,-0.070930889,-0.08490566,-0.071123582,-0.081151832,-0.071617162,-0.056986028,0.00147,-0.0003,0.00125,-0.04724
2021-09-25,0.009206488,0.007964636,-0.002952268,-0.004297994,-0.001883406,0.053264605,-0.008011558,-0.013390313,-0.014219694,-0.003598264,0.0,0.0,0.0,0.0
2021-09-26,-0.040399652,-0.026293928,0.011232644,-0.015827338,0.047471405,0.004486134,-0.001985966,0.027721629,-0.003245582,0.003505045,0.0,0.0,0.0,0.0
2021-09-27,-0.034857402,-0.03047619,-0.023477731,-0.026315789,-0.044540028,-0.064961429,-0.037078801,-0.069682495,-0.040882779,-0.023179509,-0.00275,-0.00516,-0.005,0.0569
2021-09-28,-0.043621013,-0.028753274,-0.026802245,-0.015515516,-0.041086439,-0.040816327,-0.031686988,-0.063273935,-0.032063372,-0.031422689,-0.00275,-0.00516,0.0,0.0569
2021-09-29,0.013241785,0.022229714,0.011755425,0.00965938,0.015469609,0.034857402,0.03002063,0.040786716,0.051052221,0.038035574,0.00167,-0.0023,0.0,-0.02968
2021-09-30,0.024201355,0.036463701,0.055126178,0.028197382,0.052601487,0.049868766,0.058567581,0.067534077,0.033741194,0.027050329,-0.01184,-0.00438,0.00131,0.02571
2021-10-01,0.065689981,0.081160631,0.098906577,0.091576885,0.103238104,0.096666667,0.084556665,0.093731863,0.077833572,0.094438615,0.0115,0.00818,0.00391,-0.086
2021-10-02,-0.002217295,0.015396218,-0.010284162,-0.01884253,0.023817219,0.023176292,0.017265235,-0.00225524,0.05391015,-0.005752637,0.0,0.0,0.0,0.0
2021-10-03,0.001777778,0.035434141,0.011853191,0.014174668,0.009045635,0.024136651,0.009107037,0.021140806,-0.005367856,0.017357763,0.0,0.0,0.0,0.0
2021-10-04,-0.027506655,-0.034413983,0.021620826,0.088367899,-0.010420626,-0.034807832,-0.017053446,-0.0015625,-0.015555556,-0.011374408,-0.01293,-0.0213,-0.00649,0.08558
2021-10-05,0.019160584,0.078184454,0.045200886,0.043496272,0.038880189,0.022915101,0.036308353,0.019692227,0.028377943,0.040268456,0.01064,0.01256,0.00523,-0.0723
2021-10-06,-0.010295434,0.036837241,0.074587602,0.009924573,0.017061566,-0.015424165,0.026924405,-0.008568871,0.121981812,-0.006451613,0.00411,0.00472,0.0052,-0.01408
2021-10-07,0.030755314,-0.00876866,-0.02798114,-0.045204403,0.003366815,0.00074599,0.000392157,-0.003998968,-0.039686976,-0.009276438,0.00853,0.01051,0.0052,-0.06952
2021-10-08,-0.018429136,-0.025165151,0.002826912,0.004116921,-0.007045472,-0.01677227,-0.015232122,0.053490481,-0.021536671,-0.004681648,-0.0019,-0.00508,0.0052,-0.03941
2021-10-09,0.014304873,0.031819783,0.018883474,0.011480115,0.003805953,0.039802881,0.022917259,0.033931645,0.05056514,0.091251176,0.0,0.0,0.0,0.0
2021-10-10,-0.033494932,-0.048265436,-0.004871922,-0.072152412,-0.04471256,-0.068173533,-0.027518346,-0.084661118,-0.06200453,-0.020689655,0.0,0.0,0.0,0.0
2021-10-11,-0.009575923,0.027568537,0.05116175,0.010484928,0.037362908,-0.012910798,0.024924255,-0.010002598,0.039843043,0.000880282,-0.00687,-0.0064,0.0,0.06553
2021-10-12,-0.024861878,-0.023388022,-0.025877062,-0.022481626,-0.015103805,-0.024177566,-0.037369625,-0.011284608,-0.034542816,-0.030782762,-0.00242,-0.0014,0.0,-0.0075
2021-10-13,0.033050047,0.010042211,0.024247066,0.028748341,0.033501308,0.04224208,0.029028333,0.020039814,0.106133494,0.023593466,0.00304,0.00731,0.0,-0.06096
2021-10-14,-0.006855576,0.008611102,-0.00017065,0.0,0.050915441,0.041309431,0.020833333,0.006115014,0.005164447,0.005319149,0.01718,0.01728,-0.00261,-0.09549
2021-10-15,0.020708698,0.044626,0.07541509,0.006448839,0.020291568,0.01010479,0.045945946,-0.021725074,-0.022714981,0.00617284,0.00746,0.00499,-0.00524,-0.03321
2021-10-16,-0.018034265,-0.000543791,-0.013085686,0.013669372,-0.009965979,0.008892182,-0.019669883,0.069266358,0.097122302,-0.006134969,0.0,0.0,0.0,0.0
2021-10-17,-0.009182736,-0.02056329,0.01055837,0.002107038,0.00445215,-0.025706941,-0.011780527,-0.054271233,-0.032786885,-0.035273369,0.0,0.0,0.0,0.0
2021-10-18,-0.013438369,-0.000947635,0.008413775,0.039529016,-0.026131761,-0.031285337,0.010396821,-0.020130719,-0.009908735,-0.010054845,0.00338,0.00836,0.0,0.00061
2021-10-19,-0.008454674,0.011562301,0.036200461,-0.006877023,0.03505208,0.008560311,0.017293395,0.030549626,-0.015275217,0.007386888,0.00741,0.00714,0.0,-0.0374
2021-10-20,0.036949313,0.042066802,0.027021511,0.037474542,0.073512231,0.060570988,0.097918763,0.053851133,0.047873763,0.049495875,0.00367,-0.00049,0.0,-0.01338
2021-10-21,-0.02329831,-0.032704481,-0.056604094,-0.048292108,-0.023959217,0.028373954,-0.050308702,-0.032305614,-0.046962736,-0.048908297,0.00307,0.00622,0.0,-0.03099
2021-10-22,0.007951356,0.000753833,-0.025534182,0.008250825,-0.0223518,0.014149275,-0.03016913,0.003046458,-0.002945903,0.0,-0.00106,-0.00824,-0.00134,0.02798
2021-10-23,0.004640371,0.008269893,0.010207009,0.027414075,0.049600322,0.094872689,0.028489133,0.003796507,0.015578834,0.004591368,0.0,0.0,0.0,0.0
2021-10-24,-0.020785219,-0.018565911,-0.007331713,0.098367184,-0.02083973,-0.053520229,-0.029889506,-0.019415028,-0.015604337,-0.010968921,0.0,0.0,0.0,0.0
2021-10-25,0.011792453,0.007191099,0.036565065,-0.039521392,0.03385039,0.090205318,0.025509133,0.040241707,0.042718968,0.012014787,0.00475,0.00905,0.00134,-0.01231
2021-10-26,-0.003729604,-0.016289578,-0.043959458,-0.034730087,-0.021399156,0.003704847,0.010748285,0.0063033,-0.038649833,0.010958904,0.00182,0.00059,0.0,0.04856
2021-10-27,-0.104819841,-0.102805113,-0.030692848,-0.071177161,-0.04979237,-0.111657951,-0.09246506,-0.074306067,-0.114178504,-0.100813008,-0.00503,1e-05,0.0,0.06258
2021-10-28,0.039728176,0.055005921,0.036700783,-0.071177161,0.092732226,0.045706371,0.059591563,0.230197691,0.036913767,0.062889291,0.00988,0.01396,-0.0013,-0.0265
2021-10-29,0.012066365,0.025922216,0.027592591,-0.039359573,0.030124387,0.02384106,0.034597156,0.230197691,0.055733878,0.02268431,0.00206,0.00332,-0.0013,-0.01633
2021-10-30,-0.028812717,-0.014493729,-0.006271264,-0.065972222,-0.021157242,-0.036545925,-0.031251591,0.230197691,-0.00856827,0.002772643,0.0,0.0,0.0,0.0
2021-10-31,0.005626598,0.019745832,-0.008759788,0.041635688,-0.007826196,0.007720712,0.008616613,-0.200166113,0.040423752,0.025806452,0.0,0.0,0.0,0.0
2021-11-01,-0.008646999,-0.016147404,-0.006336945,-0.030335475,0.007619869,0.05562958,0.029952597,0.051574939,-0.018488746,-0.017969452,0.00181,0.00629,0.0,0.00923
2021-11-02,0.01128784,0.019136475,0.037713797,0.008833272,0.062542941,0.018617861,0.01593162,0.023370639,0.043953044,0.038426349,0.00368,0.00345,0.0,-0.02316
2021-11-03,0.04718417,0.021199465,-0.005218459,-0.018606348,0.0024493,-0.00960347,0.031612486,-0.079768414,0.007583682,0.066079295,0.00646,0.01035,0.0,-0.05802
2021-11-04,-0.039728682,-0.024521913,-0.023541421,-0.021189591,-0.014640344,-0.029715358,-0.020799151,-0.124432017,-0.04204516,-0.00661157,0.00431,0.00821,0.0,0.02252
2021-11-05,0.000504541,0.003504947,-0.006978367,-0.008355488,-0.012541355,0.059961315,-0.018234685,0.035528942,-0.02655107,-0.034941764,0.00383,0.00211,0.0,0.06736
2021-11-06,0.011094302,-0.017012316,0.008359601,0.00306396,0.009223029,-0.024635036,-0.007128156,0.084811103,0.000556638,-0.006896552,0.0,0.0,0.0,0.0
2021-11-07,0.007481297,0.021743935,0.02881565,0.017945781,0.021170387,0.008730901,0.021942464,0.004975124,0.012239221,0.059027778,0.0,0.0,0.0,0.0
2021-11-08,0.052475248,0.062229617,0.06708015,0.058514629,0.04198279,0.066151468,0.132488992,-0.048090523,0.039571311,0.051639344,0.0009,0.00068,0.0,0.0449
2021-11-09,0.066792098,0.123715539,-0.009028982,-0.030829199,-0.016400019,-0.01971586,0.144991481,-0.053120357,0.090933122,-0.020265004,-0.00343,-0.00596,-0.00639,0.03252
2021-11-10,-0.073633157,-0.07432602,-0.030074736,-0.065082267,-0.020940096,0.013309672,-0.006562381,-0.020792468,-0.069299733,-0.051710422,-0.008,-0.01655,-0.00639,0.05343
2021-11-11,-0.009519277,0.01895913,-0.001621229,0.019554165,0.019361189,0.013426737,0.008141946,0.071714744,0.018224421,0.019295302,0.00055,0.00522,0.00507,-0.05713
2021-11-12,-0.015377222,-0.012029853,-0.010251339,-0.003835827,-0.011429951,-0.012672811,-0.042895238,0.235514019,-0.030427001,-0.021399177,0.00732,0.01003,0.0,-0.07758
2021-11-13,0.001464129,-0.003769577,0.003947547,0.006546015,-0.004939276,-0.008168028,0.026269702,-0.017246596,-0.001582278,0.0,0.0,0.0,0.0,0.0
2021-11-14,-0.005847953,0.020075377,0.017070447,0.005355777,-0.003904736,-0.007352941,0.08291964,-0.011391626,-0.003433703,-0.000841043,0.0,0.0,0.0,0.0
2021-11-15,-0.010784314,-0.01953309,-0.028927296,-0.02283105,-0.014288493,-0.050666667,-0.05769644,0.026471504,-0.000265041,-0.013468013,3e-05,-0.00038,0.0,0.01228
2021-11-16,-0.06987116,-0.10079719,-0.055100398,-0.077492212,-0.077003012,-0.089575531,-0.124244613,-0.015473301,-0.089077413,-0.070819113,0.00392,0.00758,-0.0037,-0.00728
2021-11-17,0.000532765,-0.004925286,0.004270582,0.003799071,0.01890911,0.001028454,-0.003124729,0.032973806,0.007857974,0.006427916,-0.0024,-0.00309,0.00866,0.0452
2021-11-18,-0.047923323,-0.069010067,-0.056901944,-0.068124474,-0.067971327,-0.090068493,-0.109969525,0.120823389,-0.052555588,-0.049270073,0.00347,0.00458,0.00866,0.02805
2021-11-19,0.042505593,0.036603168,0.021175577,0.052797834,0.075309454,0.065111027,0.067501467,0.143465531,0.078939348,0.047024952,-0.00138,0.00399,0.00721,0.01819
2021-11-20,0.031652361,0.017577106,0.02809677,0.0,0.027085994,0.002826855,0.041055718,-0.064711359,-0.014971751,0.006416132,0.0,0.0,0.0,0.0
2021-11-21,-0.043681747,-0.01592373,-0.017882484,-0.030861552,-0.03422092,0.023608175,-0.023503521,-0.092085615,-0.012905076,-0.033697632,0.0,0.0,0.0,0.0
2021-11-22,-0.032626427,-0.032727399,-0.040847293,-0.028306059,-0.040836091,-0.077796902,-0.056431984,0.121984649,-0.022370715,-0.021677663,-0.0031,-0.01261,0.0,0.07035
2021-11-23,-0.016863406,0.025542074,0.022441764,0.032771962,0.061291395,0.005972378,0.033438426,-0.018079648,0.013670134,0.027938343,0.00167,-0.00502,0.00118,0.01095
2021-11-24,-0.046312178,0.083626499,-0.006800992,-0.041868665,-0.015942707,-0.050092764,-0.018119627,-0.018079648,-0.039871006,-0.030927835,0.00234,0.00448,0.00118,-0.04128
2021-11-25,0.004196643,-0.003989469,0.031340572,0.018399264,0.058951863,0.030859375,0.049995292,0.005619066,0.043358779,0.008704062,0.0,0.0,0.00366,0.0
2021-11-26,-0.084179104,-0.096828074,-0.0878249,-0.087172538,-0.106381803,-0.093217128,-0.12338594,-0.103853565,-0.036581797,-0.100287632,0.0,-0.02231,0.00366,0.0
2021-11-27,0.006518905,0.011365473,0.018903953,0.015338941,0.014285538,0.00835771,-0.00035802,0.012255429,-0.009113001,0.008098892,0.0,0.0,0.0,0.0
2021-11-28,0.033678756,0.010421105,0.046097594,0.012670565,0.048196473,0.027351844,0.021437708,0.094095157,-0.007050889,0.024312896,0.0,0.0,0.0,0.0
2021-11-29,0.004385965,0.011315119,0.008863204,0.035129933,0.035033225,0.008874546,0.03085554,-0.050669773,0.014510651,0.022187822,0.01326,0.01882,-0.00126,0.0
2021-11-30,-0.030567686,-0.009225317,-0.014941333,-0.0027894,0.041049884,0.011995202,0.009815355,-0.050306748,0.021606817,0.008581524,0.01326,-0.0155,-0.00126,0.0
2021-12-01,-0.003861004,0.001017044,0.004433847,-0.024242424,-0.009362786,0.001975504,0.005485516,-0.019595177,-0.023235031,-0.008508509,-0.01173,-0.01822,-0.00368,0.0
2021-12-02,0.111111111,-0.016203623,-0.01232282,0.000955566,-0.015898896,-0.031545741,-0.02555513,-0.031188228,0.036291552,-0.017566885,0.01435,0.00843,-0.00368,-0.10186
2021-12-03,-0.093604651,-0.050693542,-0.050590417,-0.045346062,-0.065446974,-0.050081433,-0.076809744,-0.112672863,-0.040023543,-0.051998767,-0.0084,-0.01923,-0.00363,0.09732
2021-12-04,-0.087235407,-0.110946468,-0.082362883,-0.105,-0.022529697,-0.113159023,-0.132407703,0.0518651,-0.102391171,-0.080867209,0.0,0.0,0.0,0.0
2021-12-05,-0.03021785,-0.043186565,0.004510453,-0.040782123,0.018628796,-0.057032383,-0.03991661,-0.102987612,-0.021857923,-0.050595589,0.0,0.0,0.0,0.0
2021-12-06,0.03115942,0.048421238,0.021981583,0.038439138,0.037152263,0.019477191,0.033401456,0.023016518,0.038058659,0.028198758,0.01176,0.00927,0.00728,-0.11379
2021-12-07,-0.03092059,-0.00197695,0.001586064,-0.010095345,-0.010894686,0.060331825,0.001545022,0.010058232,-0.032626976,-0.013893923,0.01176,0.00927,0.00728,-0.11379
2021-12-08,0.012327774,0.013065284,-0.002369403,0.01529745,0.030229482,0.086296823,0.019498951,-0.012578616,0.065716273,0.056603774,0.00311,0.00639,0.00817,-0.09091
2021-12-09,-0.0752149,-0.065752798,-0.05779082,-0.055803571,-0.07388772,-0.114360541,-0.083040794,-0.081475584,-0.106362153,-0.003478664,-0.00706,-0.01703,-0.00463,0.08442
2021-12-10,-0.061967467,-0.022933226,-0.008461387,-0.029550827,-0.050932411,-0.084770823,-0.01960396,-0.065299047,-0.047097481,-0.069816151,0.00956,0.0073,-0.00463,-0.13392
2021-12-11,0.1164327,0.046282159,0.046772763,0.02862363,0.047710564,0.074313409,0.063758163,0.075734158,0.05210728,0.049161871,0.0,0.0,0.0,0.0
2021-12-12,-0.003698225,-0.001807727,0.014405122,0.005328597,0.011404659,0.024561404,0.006962025,0.043390805,0.005462491,0.002026946,0.0,0.0,0.0,0.0
2021-12-13,-0.090571641,-0.079487683,-0.067430866,-0.073027091,-0.084692562,-0.130136986,-0.090760528,-0.127237676,-0.081854401,-0.06960971,-0.00911,-0.0139,0.0,0.08668
2021-12-14,0.034285714,0.036432161,0.035450963,-0.073027091,0.020369451,0.038245219,0.040716162,-0.000315557,0.056410256,0.038112291,-0.00733,-0.0113,0.0,0.07779
2021-12-15,0.034727703,0.024219554,0.010278647,-0.052328624,0.040912127,0.066630553,0.020126204,0.053977273,0.01867065,0.019218923,0.01637,0.02154,0.0,-0.11878
2021-12-16,-0.054157132,-0.021413898,-0.025552393,-0.044174489,-0.0157107,-0.046724225,-0.031058732,-0.056903264,-0.061217009,-0.026471655,-0.0087,0.02154,0.0,0.06636
2021-12-17,-0.016935484,-0.030051341,-0.030896433,-0.025418833,-0.020383975,-0.026105487,-0.031516699,-0.025722452,-0.005857087,-0.010553762,-0.01023,-0.0007,0.0,0.04861
2021-12-18,0.019688269,0.025571657,0.015108697,0.021932424,0.022079936,0.06892779,0.032056619,0.118318123,0.005106049,0.037143933,0.0,0.0,0.0,0.0
2021-12-19,0.000804505,-0.007248538,-0.003510122,-0.016821346,-0.009442296,-0.034800409,0.030052441,-0.051005538,-0.008206331,0.010163339,0.0,0.0,0.0,0.0
2021-12-20,-0.004823151,-0.005452991,0.004634332,-0.013569322,0.005356028,-0.004241782,-0.003328764,-0.019348894,0.017336485,0.052581147,-0.01138,-0.01244,0.0,0.06027
2021-12-21,0.034733441,0.017494134,0.0427156,0.022129187,0.018281262,0.034611289,0.013752456,0.027247103,0.037567777,0.077833409,0.01785,0.02413,-0.00612,-0.08133
2021-12-22,0.036690086,0.000136999,-0.006184088,0.012873025,-0.009069866,0.025218734,0.004134367,0.001829268,-0.000373274,0.007284628,0.01029,0.01179,-0.00612,-0.11328
2021-12-23,0.109939759,0.040340624,0.045566828,0.068168689,0.032926762,0.112449799,0.052946475,0.12051126,0.074682599,0.041609894,0.00624,0.00848,-0.00612,-0.03596
2021-12-24,-0.055630936,-0.0081415,0.000199881,0.008112493,-0.015679599,-0.031137184,-0.01478585,-0.049429658,-0.032314107,-0.082813443,0.0,0.0,-0.00612,0.0
2021-12-25,0.04454023,0.007456082,-0.008039479,0.02360515,0.01215207,0.030740568,-0.021581395,0.070571429,0.041292639,0.015688426,0.0,0.0,0.0,0.0
2021-12-26,0.001375516,-0.007664434,0.007123506,-0.004716981,-0.008205884,0.038861274,-0.011789314,0.029623699,0.006896552,-0.005508749,0.0,0.0,0.0,0.0
2021-12-27,0.041208791,0.02985438,-0.001499285,-0.010531859,-0.006292698,0.000869943,-0.000384837,-0.030326594,0.02739726,0.006625394,0.01388,0.01392,0.0,-0.01559
2021-12-28,-0.077176781,-0.056838938,-0.062670944,-0.075039915,-0.060509625,-0.115601912,-0.065190889,-0.107457899,-0.086333333,-0.080707812,-0.00101,-0.00564,0.0,-0.00792
2021-12-29,-0.047891351,-0.020209615,-0.022397368,-0.033947066,-0.043292017,-0.03046683,-0.001029583,-0.023959269,-0.026997446,-0.041431925,0.0014,-0.00098,0.0,-0.03364
2021-12-30,0.01951952,0.003720671,0.014158294,0.019058964,0.022254919,0.01064369,0.016971279,0.009205278,0.004874391,0.027182564,-0.0029,-0.00151,0.0,0.02242
2021-12-31,-0.036082474,-0.002525311,-0.019782659,-0.004675628,-0.009242388,-0.021564694,-0.012499155,-0.006384919,-0.005597015,-0.011562761,-0.00258,-0.00613,0.0,-0.00635
2022-01-01,0.054239878,0.03344637,0.03333614,0.016441574,0.02474298,0.06355715,0.031882868,0.024479804,0.038649156,0.025205017,0.0,0.0,0.0,0.0
2022-01-02,-0.001449275,0.006675057,-0.009027313,0.00751011,0.017038606,0.054457831,0.002386951,-0.002986858,0.055274566,0.010704623,0.0,0.0,0.0,0.0
2022-01-03,-0.042815675,-0.030006028,-0.018086767,-0.024655963,-0.017165589,0.084095064,-0.018256383,-0.026662672,-0.006504622,-0.031191806,0.00638,0.01201,0.0,-0.036
2022-01-04,-0.007581501,-0.016548899,-0.01348201,-0.009994121,0.005447312,-0.01222597,-0.012868886,-0.023084026,-0.037560303,-0.011412782,-0.00056,-0.01316,0.00748,0.01867
2022-01-05,-0.060351413,-0.065086126,-0.05219976,-0.056413302,-0.065747939,0.075970977,-0.076718313,-0.081600504,-0.04726101,-0.060882246,-0.00056,-0.01316,0.00748,0.01867
2022-01-06,0.040650407,0.001702255,-0.007781498,0.006922593,-0.036838697,0.007536692,0.005174836,0.162264151,0.005636979,0.00931677,-0.00089,-0.00127,0.00748,-0.00608
2022-01-07,-0.05546875,-0.036736224,-0.035984837,-0.03125,-0.061650149,0.021653543,-0.034492903,-0.097697757,-0.039985052,-0.022179487,-0.00387,-0.0096,0.00748,-0.04335
2022-01-08,-0.021505376,-0.031988585,0.003439263,-0.025806452,-0.036183665,-0.023506744,-0.013711152,-0.040562643,-0.007395874,-0.022813688,0.0,0.0,0.0,0.0
2022-01-09,-0.010989011,0.009996784,0.004388213,-0.00397351,0.022727789,0.086819258,0.010889713,0.002045687,0.023921569,0.010197236,0.0,0.0,0.0,0.0
2022-01-10,-0.039316239,-0.03489452,-0.000883935,-0.04787234,-0.021311845,0.016339869,-0.033234013,-0.043211977,-0.031022597,-0.01686811,-0.00144,0.00046,0.0,0.03412
2022-01-11,0.056939502,0.016524608,0.021763893,0.074022346,0.050796451,-0.050017864,0.040145409,0.040184922,0.039525692,0.040664685,0.00916,0.0141,0.0,-0.05103
2022-01-12,0.104377104,0.038138,0.027528231,0.059817945,0.040955832,0.006393381,0.078711442,0.055384615,0.073764259,0.037128392,0.00283,0.00231,0.0,-0.04291
2022-01-13,-0.060213415,-0.017169954,-0.030602689,0.053374233,-0.038769296,-0.070254111,-0.036836174,-0.060252672,-0.046033994,-0.038928527,-0.01413,0.00231,0.0,-0.04291
2022-01-14,0.0486618,0.022586289,0.012077807,0.068142108,0.020787969,0.034163987,0.05820841,0.019993106,-0.0155902,0.007293566,0.00084,0.00587,0.0,-0.05515
2022-01-15,-0.000773395,0.013454659,-2.5296e-05,0.006543075,0.005731707,-0.020987175,0.020800221,0.010814464,-0.023001508,0.00801655,0.0,0.0,0.0,0.0
2022-01-16,0.092879257,-0.006650807,0.000269676,-0.042795233,0.006302893,0.012306471,-0.008461955,0.043129388,-0.000385951,-0.00141098,0.0,0.0,0.0,0.0
2022-01-17,0.135269122,-0.019236217,-0.020324192,-0.032258065,-0.041410791,-0.06627451,0.032498122,-0.069551282,-0.011196911,-0.020809249,0.0,0.0,0.0,0.0
2022-01-18,-0.089831566,0.001785433,0.003513847,-0.034502924,-0.015385095,-0.034859303,-0.064140713,-0.015156734,-0.007809449,-0.013905287,0.0,0.0,0.0,0.0
2022-01-19,-0.083618917,-0.03244745,-0.016471671,-0.021199273,-0.024266962,-0.062663185,-0.037447891,-0.045120672,-0.033451397,-0.017959292,-0.00967,-0.01149,0.0,0.04651
2022-01-20,-0.057591623,-0.030637122,-0.0234619,-0.037747525,-0.026695583,-0.062674095,-0.047272994,-0.035164835,-0.056188925,-0.025060959,-0.01096,-0.01298,0.0,0.07296
2022-01-21,-0.11031746,-0.118960458,-0.103883011,-0.086173633,-0.144163228,-0.136701337,-0.11611064,-0.157175399,-0.124245039,-0.11449215,-0.01096,-0.01298,0.0,0.12739
2022-01-22,-0.044603033,-0.075837351,-0.03820693,-0.062631949,-0.061239342,-0.089500861,-0.055875174,-0.081981982,-0.05270936,-0.063235525,0.0,0.0,0.0,0.0
2022-01-23,0.050420168,0.038885266,0.034560177,0.064564565,0.053630873,0.049779458,0.037023359,0.039744848,0.04576183,0.05360134,0.0,0.0,0.0,0.0
2022-01-24,-0.051555556,-0.034423522,0.01142632,-0.030324401,-0.039081681,-0.06362545,-0.023860399,-0.016989146,-0.014917951,-0.026868045,0.00277,0.00626,0.0,0.0364
2022-01-25,-0.023430178,-0.001676475,0.007443576,0.039272727,0.00711633,-0.007051282,-0.016326158,0.009601536,-0.006562342,0.00898546,-0.01217,0.00626,0.0,0.04214
2022-01-26,0.034548944,-0.008293636,-0.003965276,0.00139958,0.001821397,-0.016785023,-0.007974038,0.027104137,-0.00050813,0.003400259,-0.00149,0.00021,0.0,0.02567
2022-01-27,-0.032467532,0.000725714,0.009787841,-0.011180992,-0.015543011,0.000656599,-0.000373867,0.042592593,-0.013218099,-0.018073261,-0.00532,-0.01398,0.0,-0.04599
2022-01-28,0.005752637,0.025381587,0.014919393,0.0,0.049962281,0.060367454,0.023749416,0.014209591,0.023699124,0.005094495,-0.00532,-0.01398,0.00827,-0.09282
2022-01-29,0.010486177,0.006264103,0.011661505,0.010600707,0.022013875,0.004331683,0.012238561,0.038528897,0.023653749,0.009646828,0.0,0.0,0.0,0.0
2022-01-30,-0.022641509,-0.029184377,-0.007238995,-0.025174825,5.3782e-05,0.095502157,-0.019759993,0.056492411,-0.039331367,-0.025263158,0.0,0.0,0.0,0.0
2022-01-31,0.015444015,-0.015789292,0.015464102,0.016499283,0.032997342,-0.034308211,0.008560383,0.126895451,0.022006141,0.025917927,0.0,0.0,0.0,-0.10231
2022-02-01,0.041825095,0.008967039,0.005892506,0.00564573,0.037562195,-0.00990099,0.050561285,-0.050283286,0.011517276,0.017975709,0.00687,0.00746,0.0,-0.11559
2022-02-02,-0.062956204,-0.033778858,-0.046571038,-0.037894737,-0.039080336,-0.070588235,-0.058639562,-0.052945563,-0.043069307,-0.043588928,0.00943,0.00499,-0.00768,0.00592
2022-02-03,0.033106134,0.009952573,0.011117826,0.006564551,0.005993786,0.030379747,0.024455519,0.054724409,0.00879462,0.014471058,0.00943,0.00499,-0.00768,0.10231
2022-02-04,0.073515551,0.08957985,0.011117826,0.072463768,0.111227282,0.076781327,0.093234844,0.050018664,0.072820513,0.075258239,0.00533,0.01604,-0.00768,-0.04641
2022-02-05,-0.011413521,0.04708264,-0.004138701,-0.007432432,0.006032337,0.014261266,0.003955175,0.071809456,0.01959847,0.016163464,0.0,0.0,0.0,0.0
2022-02-06,0.01598579,0.013470953,0.024003935,0.049012934,0.014068439,0.016310461,0.048095863,0.095190713,0.049695265,0.025960384,0.0,0.0,0.0,0.0
2022-02-07,0.048076923,0.055536753,0.034156512,0.072680078,0.027373695,0.044825678,0.07541112,-0.004542701,0.07012059,0.025960384,-0.00368,-0.00583,0.0,-0.0155
2022-02-08,-0.019182652,-0.02159972,0.004994178,-0.042347247,-0.007200657,-0.027012712,-0.026869584,0.056586553,0.010851419,0.053017552,0.00841,0.01276,0.0,-0.06212
2022-02-09,0.016156463,0.031103828,0.007776521,0.007580543,0.041029127,0.017419706,0.048638132,-0.036279873,-0.014037985,-0.00662176,0.01464,0.02087,0.00885,-0.06903
2022-02-10,-0.035983264,-0.014389321,-0.020062621,-0.049529781,-0.052939582,-0.063135367,-0.039246468,-0.062742755,-0.029313233,-0.051143547,0.01464,-0.02099,0.00885,-0.06903
2022-02-11,-0.0625,-0.059306382,-0.026019907,-0.044854881,-0.047452876,-0.07424329,-0.066102198,-0.068855595,-0.070750647,-0.07994186,0.01464,-0.02099,0.00885,-0.06903
2022-02-12,-0.019444444,0.029356769,-0.003772968,-0.002071823,-0.003615655,-0.015422579,0.008271035,-0.004108182,0.012999071,0.082938389,0.0,0.0,0.0,0.0
2022-02-13,-0.015108593,0.011111111,-0.004005065,0.025605536,-0.015728119,-0.022556391,-0.008518694,-0.029907185,-0.034830431,-0.020058352,0.0,0.0,0.0,0.0
2022-02-14,0.006711409,-0.009671527,0.011467598,-0.016194332,0.020428625,0.019230769,-0.008591885,0.006378455,0.000474834,-0.005706488,-0.00377,5e-05,0.0,0.03545
2022-02-15,0.056190476,0.038942976,0.047566194,0.041152263,0.0868917,0.091194969,0.057053442,0.175352113,0.049359279,0.063505926,0.01588,0.0253,0.00854,-0.09283
2022-02-16,-0.023444545,-0.026540946,-0.015254508,-0.019762846,-0.019298075,-0.012680115,-0.029833751,-0.022468544,-0.009950249,-0.01794932,0.00101,-0.0009,0.00854,-0.05486
2022-02-17,-0.057248384,-0.063856502,-0.076344634,-0.06922043,-0.073586977,-0.089316988,-0.089123631,-0.056389825,-0.075376884,-0.082905268,0.00101,-0.0009,0.00854,-0.05486
2022-02-18,-0.024583741,-0.008845884,-0.01357575,0.000722022,-0.039282481,-0.025641026,-0.012971394,-0.036050666,-0.007905138,0.022534844,-0.00702,-0.01228,0.00854,-0.01281
2022-02-19,0.001104529,0.005831749,0.002811875,0.017316017,-0.005833022,0.021052632,0.006440383,-0.026617251,0.016932271,0.046878981,0.0,0.0,0.0,0.0
2022-02-20,-0.065295888,-0.029694407,-0.04263258,-0.029787234,-0.051293181,-0.059278351,-0.042891733,-0.067843544,-0.047502449,-0.054879533,0.0,0.0,0.0,0.0
2022-02-21,-0.079514969,-0.064474596,-0.035415557,-0.062865497,-0.020036604,-0.075342466,-0.071376943,-0.077979948,-0.083804627,-0.09630488,0.0,0.0,0.0,0.0
2022-02-22,0.035556074,0.03539417,0.033219403,0.024960998,0.026714394,0.036296296,0.046117922,0.066451873,0.042087542,0.027924206,-0.01013,-0.01228,0.0,0.0382
2022-02-23,-0.025104131,-0.017075083,-0.026050656,-0.0304414,-0.021918971,-0.047176555,-0.019345238,-0.035876133,-0.020463113,-0.035065835,-0.01013,-0.01228,0.00455,0.07671
2022-02-24,-0.0147806,0.043585298,0.02905139,-0.025902669,0.006575047,-0.003750938,-0.011096358,0.014101058,0.003298516,0.000143637,0.01504,-0.01228,0.00455,-0.02257
2022-02-25,0.054383497,0.026148786,0.023104729,0.029814666,0.065844477,0.082831325,0.048240146,0.059868675,0.046575342,0.105557949,0.01504,0.01643,0.00455,-0.09004
2022-02-26,-0.013783904,0.020172257,-0.002674328,-0.000782473,0.004088118,0.02364395,-0.009423605,-0.022959184,0.009947644,-0.024421928,0.0,0.0,0.0,0.0
2022-02-27,-0.034265104,-0.034151141,-0.036281491,-0.037588097,-0.058626345,-0.072690217,-0.048489886,-0.046624394,-0.061689995,-0.039014647,0.0,0.0,0.0,0.0
2022-02-28,0.125466853,0.113897013,-0.036281491,0.085435313,0.1155877,0.109157509,0.104736944,0.114241002,0.09281768,0.083414161,-0.00233,0.00416,0.0,0.09279
2022-03-01,-0.001244426,-0.030150161,0.028687786,0.004497751,0.019432505,0.014531044,-0.010543889,-0.003160112,0.004550051,0.00319734,-0.01545,-0.0159,0.0,0.10514
2022-03-02,-0.025023362,-0.02573384,-0.011098739,-0.005970149,-0.009258917,-0.004557292,-0.019980464,-0.02994012,-0.025666834,-0.019377868,-0.01545,0.01628,0.0,-0.07743
2022-03-03,-0.039084132,-0.015548409,-0.03325339,-0.026276276,-0.039104383,-0.025506867,0.009695542,-0.04248366,-0.02892562,-0.022230889,-0.00513,-0.01548,0.0,-0.00846
2022-03-04,-0.063947689,-0.079445625,-0.078164079,-0.055512722,-0.074531268,-0.079194631,-0.092973167,-0.062191885,-0.063297872,-0.052519612,-0.00786,-0.01656,0.0,0.04921
2022-03-05,0.024627042,0.014228623,0.006451893,0.020408163,0.016651986,0.021865889,0.038092411,0.034775576,0.023850085,0.058377772,0.0,0.0,0.0,0.0
2022-03-06,-0.048994685,-0.041951153,-0.024820451,-0.0344,-0.042607776,-0.049928673,-0.036504003,-0.055490426,-0.042151969,-0.038849112,0.0,0.0,0.0,0.0
2022-03-07,-0.033414338,-0.026237413,-0.01036433,-0.031483016,-0.021903329,-0.046546547,-0.025225047,-0.022755482,-0.015055009,-0.006069803,0.0,0.0,0.0,0.0
2022-03-08,0.008170962,0.037066706,0.018876627,0.001710864,0.03304802,0.030708661,0.022224477,0.013124471,0.018812463,0.000693963,-0.00721,-0.00275,0.0,-0.03621
2022-03-09,0.058478803,0.0794888,0.08295362,0.036720751,0.059658496,0.070282659,0.061054304,0.042624321,0.090017311,0.062274619,-0.00721,-0.00275,0.0,-0.07629
2022-03-10,-0.049593592,-0.058284004,-0.060039535,-0.037891269,-0.045520572,-0.059957173,-0.040232036,-0.0501002,-0.053467443,-0.038516778,-0.0042,-0.0094,0.0,-0.06841
2022-03-11,-0.022806148,-0.006147683,-0.017807533,-0.011986301,-0.019577251,-0.009111617,0.021641646,-0.027004219,0.026286353,0.090168387,-0.0129,-0.02179,0.0,0.0172
2022-03-12,-0.000253678,0.010668613,0.001664902,-0.004332756,0.004809253,0.008429119,0.00620229,0.001734605,0.008174387,-0.020926756,0.0,0.0,0.0,0.0
2022-03-13,0.002918041,-0.0366881,-0.026007118,-0.028720627,-0.020639176,-0.03343465,-0.035467046,-0.023809524,-0.045945946,-0.032569975,0.0,0.0,0.0,0.0
2022-03-14,0.015686275,0.033695031,0.050268664,0.021505376,0.029648407,0.054245283,0.038344312,0.023059867,0.020396601,0.019068911,-0.0072,-0.02033,0.0,0.03317
2022-03-15,-0.004857392,-0.000138122,-0.009608457,-0.012280702,0.010866503,0.021625652,0.01278288,-0.014737755,0.014436424,-0.011356304,-0.0072,-0.02033,0.0,-0.06106
2022-03-16,0.050062578,0.035433071,0.046261897,0.039964476,0.059375251,0.072262774,0.041697831,0.096348438,0.036124795,0.034721316,-0.0072,-0.02033,0.0,-0.10593
2022-03-17,-0.00250298,-0.011039957,-0.004299401,-0.005977797,0.014229861,-0.01837985,-0.010500808,-0.02046549,0.002113048,0.001639965,0.01241,0.01331,0.0,-0.0375
2022-03-18,0.018281754,0.031331152,0.020367319,0.024054983,0.045007532,0.042302358,0.015510204,0.004916018,0.01686874,0.003652393,0.01167,0.02051,0.0,-0.07012
2022-03-19,0.059845107,0.073185088,0.010625501,0.037751678,0.003848612,-0.001330672,0.044569489,0.022013861,0.039398652,0.028987326,0.0,0.0,0.0,0.0
2022-03-20,-0.028454384,-0.002041563,-0.023484303,-0.035569927,-0.030948575,-0.030646236,-0.017956392,-0.042281611,-0.016458853,-0.017682927,0.0,0.0,0.0,0.0
2022-03-21,0.046837607,0.023388599,-0.004831347,0.0,0.011795503,0.030927835,0.011754462,0.002498959,0.03346856,0.040844196,-0.00038,-0.0039,0.0,-0.01424
2022-03-22,0.06226867,0.122504997,0.032555629,0.026823135,0.02606554,0.029333333,0.057142857,0.010801828,0.015701668,-0.001669847,0.0113,0.01954,0.0,-0.02507
2022-03-23,0.135478582,-0.03205486,0.012364055,0.060408163,0.022498123,0.025906736,-0.002686421,0.044389642,0.012077295,0.000955795,-0.01222,-0.0132,0.0,0.02746
2022-03-24,0.020758123,0.006150973,0.025700807,0.053117783,0.024874066,0.020833333,0.032895274,0.062180244,0.026252983,0.006087372,0.01443,0.01934,0.0,-0.08061
2022-03-25,-0.030061892,-0.002920226,0.007375911,-0.043128655,-0.002830204,-0.035250464,-0.019993678,-0.039644313,-0.017209302,-0.021829399,0.00507,-0.00158,0.0,-0.03969
2022-03-26,0.051048314,-0.008758964,0.004758482,0.039724981,0.013633845,0.016025641,0.006854286,0.010030864,0.021769995,0.01055185,0.0,0.0,0.0,0.0
2022-03-27,0.026886383,0.040481582,0.051632482,0.063923586,0.04770592,0.063722397,0.038523146,0.045454545,0.064844836,0.029644743,0.0,0.0,0.0,0.0
2022-03-28,-0.011824324,-0.022531847,0.006117782,-0.016574586,0.011475947,-0.021945433,-0.016040719,-0.022287176,-0.001739887,0.006644131,0.00715,0.0131,0.0,-0.0567
2022-03-29,0.017948718,0.014199995,0.006717561,0.014044944,0.020493118,0.029714979,0.019515636,0.007473842,0.016557734,-0.006368689,0.01226,0.01844,0.0,-0.03719
2022-03-30,-0.001679261,0.015928682,-0.008196597,-0.009695291,-0.005146035,0.012956419,0.007918204,0.002596439,0.006000857,0.003612633,-0.00619,-0.01208,0.0071,0.02275
2022-03-31,-0.039529016,0.012674906,-0.032594072,-0.034265734,-0.030229446,-0.015697674,-0.055373351,-0.033296337,-0.026842778,-0.053878309,-0.01559,-0.01534,0.0071,0.06363
2022-04-01,0.020140105,-0.018449128,0.017070623,0.023171615,0.052680959,0.024808033,0.008316512,0.013394566,0.01882662,0.016077565,0.00341,0.00288,0.0071,-0.04523
2022-04-02,-0.007725322,-0.012512924,-0.010312583,-0.017692852,-0.003194703,0.002881844,-0.000240231,-0.003398792,0.002148689,-0.004589926,0.0,0.0,0.0,0.0
2022-04-03,0.025951557,0.016725281,0.012919043,0.055475504,0.022588455,0.03908046,0.031477773,0.03220917,0.016723842,0.022812765,0.0,0.0,0.0,0.0
2022-04-04,0.021922428,-0.006891635,0.00420345,0.012969283,-0.000664303,-0.031526549,-0.031138376,-0.024596182,-0.021509911,-0.019456638,0.0081,0.01901,0.0,-0.054
2022-04-05,-0.033828383,-0.028608652,-0.023767329,0.012969283,-0.032291238,-0.043403769,-0.015949347,-0.036130975,-0.030172414,-0.011494253,-0.01239,0.01901,0.0,0.13247
2022-04-06,-0.100768574,-0.094429999,-0.051070754,0.012969283,-0.069740612,-0.07880597,-0.090161264,-0.090199141,-0.096444444,-0.07001224,-0.00971,-0.0222,0.0,0.05088
2022-04-07,0.035137702,0.016019344,0.006680056,0.018131102,0.019050715,0.021386909,0.022110823,0.036480687,0.046237088,0.03672019,0.00438,0.00062,0.0,-0.02489
2022-04-08,-0.059633028,-0.038197233,-0.027442696,-0.023287671,-0.011259476,-0.039974619,-0.029865125,-0.060455487,-0.049365303,-0.041386315,-0.00263,-0.01339,0.0,-0.0181
2022-04-09,0.019512195,0.008412978,0.011714937,0.011220196,0.020889969,0.019828156,0.017513767,0.030850595,0.013847676,0.009535161,0.0,0.0,0.0,0.0
2022-04-10,-0.01722488,-0.019108671,-0.014375964,0.027739251,-0.017403869,-0.012313675,-0.021559755,-0.031637452,-0.022926829,-0.010232192,0.0,0.0,0.0,0.0
2022-04-11,-0.104479065,-0.078580363,-0.062083652,-0.094466937,-0.069740141,-0.097112861,-0.07036634,-0.092273731,-0.067898153,-0.07899271,0.0,-0.02181,0.0,0.0
2022-04-12,0.037512232,0.034682866,0.013909857,0.029061103,0.016529508,0.015261628,0.022727273,0.046692607,0.0316015,0.029068931,-0.00338,-0.00301,0.0,-0.00451
2022-04-13,0.021483966,0.119157729,0.026534264,0.013034033,0.029625888,0.016463851,0.054554125,0.022304833,0.020249221,0.011327087,0.01137,0.02036,0.0,-0.10058
2022-04-14,-0.043500564,-0.010521071,-0.029129779,0.030021444,-0.031021324,-0.03943662,-0.028760061,-0.037272727,-0.013231552,0.004286504,-0.01214,-0.02144,0.0,0.04033
2022-04-15,0.025421002,0.010129432,0.015320026,0.013185288,0.006436646,0.034457478,0.033708911,0.013220019,0.053635895,0.081784387,0.0,0.0,0.0,0.0
2022-04-16,-0.00460251,0.005864243,-0.004219044,-0.016438356,0.00627053,0.002834869,0.029907216,0.003261883,0.005384239,-0.006109202,0.0,0.0,0.0,0.0
2022-04-17,-0.038356452,-0.043375601,-0.017438612,-0.02994429,-0.023488047,-0.028975265,-0.048018893,-0.046446818,-0.042356378,-0.036752465,0.0,0.0,0.0,0.0
2022-04-18,0.023603978,0.037297742,0.028292317,0.006460876,0.022687726,0.022561863,0.022050717,0.01656113,0.042704626,0.022733316,-0.0002,-0.0014,0.00695,-0.02335
2022-04-19,0.016974485,0.000793161,0.01699075,0.017831669,0.015156076,0.014234875,0.023282992,0.037374221,-0.005850804,0.00766931,0.01607,0.02155,0.00695,-0.03608
2022-04-20,-0.016796137,-0.030263003,-0.00311027,-0.014015417,-0.007987056,-0.015438596,-0.017130809,-0.02817552,-0.01814615,-0.029927761,-0.0006,-0.01223,0.00695,-0.04913
2022-04-21,-0.02818706,-0.044525835,-0.021374562,-0.030561478,-0.030379434,-0.032074127,-0.046210225,-0.037072243,-0.018481518,-0.025531915,-0.01467,-0.02069,0.00695,0.11614
2022-04-22,-0.004174907,0.017265412,-0.019138341,-0.000733138,-0.007060424,0.000736377,-0.01265111,0.005923001,-0.005597964,-0.020605895,-0.01467,-0.02069,0.00695,0.11614
2022-04-23,-0.021072374,-0.026595248,-0.006800023,-0.017608217,-0.009962304,-0.01986755,-0.001898254,-0.014229637,-0.020470829,-0.016998746,0.0,0.0,0.0,0.0
2022-04-24,-0.001465119,-0.01558051,0.000514374,-0.01493652,-0.003845039,-0.003003003,-0.005420312,-0.00298656,-0.008881923,-0.010347271,0.0,0.0,0.0,0.0
2022-04-25,0.013205418,0.022716932,0.024609882,-0.01493652,0.028771169,0.012048193,-9.56114e-05,-0.012481278,0.013178703,-0.006874821,0.00571,0.01289,0.0,-0.04218
2022-04-26,-0.079647989,-0.058057136,-0.057375675,-0.129032258,-0.065475893,-0.078869048,-0.057467967,-0.085439838,-0.061394381,-0.07355062,0.00571,0.01289,-0.00819,-0.04218
2022-04-27,0.017308158,0.036772148,0.029767253,0.016702977,0.028516515,0.02907916,0.020797403,0.018794914,0.021618625,0.015410959,0.00211,-0.00014,-0.00819,-0.05728
2022-04-28,0.003569304,-0.002538071,0.012679851,-0.017142857,0.016184959,-0.006279435,0.026933015,-0.02116115,0.008138904,-0.014563851,0.00211,-0.00014,-0.00819,-0.05095
2022-04-29,-0.045880261,-0.038559405,-0.02907012,-0.018895349,-0.040613113,-0.05371248,-0.028646085,-0.074833703,-0.042518837,-0.048848787,0.00211,-0.00014,-0.00819,0.1137
2022-04-30,-0.060511928,-0.057003257,-0.024461953,-0.056296296,-0.032035013,-0.084307179,-0.044435588,-0.140802876,-0.049465992,-0.042688911,0.0,0.0,0.0,0.0
2022-05-01,0.044967597,0.022560449,0.022055701,0.042386185,0.036325899,0.030993619,0.035449901,0.064853556,0.03903016,0.037245857,0.0,0.0,0.0,0.0
2022-05-02,-0.011897228,0.00277983,0.000844063,-0.015813253,0.010643869,-0.012378426,0.013392408,-0.013097577,-0.012521343,0.011859661,0.00568,0.01633,0.0,-0.03174
2022-05-03,-0.012552837,-0.019861043,-0.020451011,-0.009946442,-0.026430962,-0.004476276,-0.012817965,-0.02256138,-0.008645533,-0.015627544,0.00484,0.00223,0.0,-0.09555
2022-05-04,0.165261383,0.073750537,0.051817371,0.051004637,0.057425835,0.097122302,0.069552089,0.127630686,0.073837209,0.067802216,0.00484,0.00223,0.0,-0.13094
2022-05-05,-0.122119559,-0.075853561,-0.078965056,-0.058088235,-0.06564954,-0.104918033,-0.088274045,-0.118001204,-0.073632918,-0.073563574,0.00484,0.00223,0.0,-0.13094
2022-05-06,-0.006847578,-0.008370314,-0.014692644,-0.00312256,-0.020092601,-0.011904762,-0.001857969,-0.012286689,0.002337814,0.006686727,-0.00553,-0.0138,0.00999,-0.03237
2022-05-07,-0.029749745,-0.024631617,-0.015014764,-0.001566171,-0.021132359,-0.053753475,-0.025129266,-0.05390463,-0.023323615,-0.035536367,0.0,0.0,0.0,0.0
2022-05-08,-0.025792867,-0.023724261,-0.04047003,-0.026666667,-0.044061339,-0.021547502,-0.004137053,-0.028487947,-0.035223881,-0.02565427,0.0,0.0,0.0,0.0
2022-05-09,-0.187896799,-0.168920984,-0.04047003,-0.026666667,-0.114379059,-0.19019019,-0.004137053,-0.20075188,-0.132425743,-0.138186959,0.0,0.0,-0.00568,0.0
2022-05-10,0.04491018,0.065008505,0.031127543,0.061946903,0.04958874,0.060321384,0.051948052,0.047977422,0.058487874,0.052286242,0.00246,0.00986,-0.00568,-0.05065
2022-05-11,-0.1779688,-0.163177207,-0.064356956,0.061946903,-0.112637621,-0.193868035,-0.173088914,0.047977422,-0.153638814,0.052286242,-0.01643,0.00986,-0.00568,-0.01303
2022-05-12,-0.085979861,-0.003095177,-0.00349758,-0.027961303,-0.060168541,-0.051916124,-0.031518625,-0.079139505,-0.041401274,-0.074421965,-0.00094,0.00071,-0.00568,-0.02426
2022-05-13,0.119279661,0.045226391,0.011381698,0.06784804,0.027498835,0.08785845,0.055278729,-0.079139505,0.096345515,0.098100442,-0.00094,0.00071,0.00776,-0.09128
2022-05-14,0.016467916,0.032179811,0.027542646,0.015117072,0.023682912,0.017106001,0.015346023,-0.079139505,0.046212121,0.009241706,0.0,0.0,0.0,0.0
2022-05-15,0.113407821,0.02916207,0.041457143,0.042436457,0.043373271,0.097049904,0.039093155,0.006010518,0.049963794,0.050716131,0.0,0.0,0.0,0.0
2022-05-16,-0.070914869,-0.080905998,-0.046574798,-0.056068743,-0.05739296,-0.069238502,-0.061258741,-0.12471994,-0.06137931,-0.056759777,-0.0039,-0.01198,0.00962,-0.04849
2022-05-17,0.03870387,0.048070585,0.019351174,0.025375512,0.03424054,0.040502228,0.088200238,0.038395904,0.040411462,0.035773513,-0.0039,-0.01198,0.00962,-0.04987
2022-05-18,-0.125129983,-0.097053558,-0.057490307,-0.076573077,-0.08500974,-0.119112495,-0.098713034,-0.152013147,-0.099576271,-0.073879231,-0.0039,-0.01198,0.00962,-0.04987
2022-05-19,0.055269414,0.052349569,0.056342612,0.040620118,0.055500921,0.060980999,0.09433389,0.082364341,0.022745098,0.037293159,-0.00573,-0.00252,0.01098,-0.052
2022-05-20,-0.031912897,-0.033044807,-0.03686389,-0.032798245,-0.030181685,-0.047480217,-0.049000555,-0.045658013,-0.031441718,-0.024047619,0.00016,-0.00297,0.00294,0.00273
2022-05-21,0.023657165,0.011584435,0.008385406,0.00680597,0.00817117,0.026235243,0.01853744,0.026266417,0.033254157,0.010246402,0.0,0.0,0.0,0.0
2022-05-22,0.025194166,0.029618448,0.029022411,0.017552182,0.034573996,0.040051129,0.026368587,0.007312614,0.036781609,0.01787008,0.0,0.0,0.0,0.0
2022-05-23,-0.053215078,-0.031597573,-0.039274339,-0.02983683,-0.034481745,-0.042878602,-0.037280089,-0.065335753,-0.049519586,-0.040569395,0.0,0.01593,0.0,-0.03228
2022-05-24,0.017369243,0.020464631,0.01906645,0.004204709,0.003628152,0.030674847,0.018129079,0.009708738,0.033437014,0.009149357,-0.00811,0.01593,-0.0023,0.03406
2022-05-25,-0.014195281,-0.027523405,-0.004110017,-0.008493839,-0.018611118,-0.038067553,-0.028774929,0.013461538,-0.006019564,-0.006370988,0.00947,0.01513,-0.0023,-0.03667
2022-05-26,-0.068495816,-0.055815666,-0.010829506,-0.061052124,-0.077298768,-0.054971938,-0.069961866,-0.062713472,-0.059046177,-0.032305795,0.00947,0.01513,-0.0023,-0.03067
2022-05-27,-0.047628995,-0.02796969,-0.020260573,0.046260601,-0.037001675,-0.044007918,-0.030121432,-0.060836117,-0.032180209,-0.028287462,0.00947,0.01513,0.0007,-0.06473
2022-05-28,0.017986401,0.024360885,0.014553806,0.004544338,0.038301647,0.04507805,0.024552846,0.030178918,0.019118869,0.011801731,0.0,0.0,0.0,0.0
2022-05-29,0.037707391,0.035532427,0.015120532,0.010636997,0.011670827,0.022862369,0.009363593,0.017472275,0.067699837,0.007257646,0.0,0.0,0.0,0.0
2022-05-30,0.182931894,0.063763104,0.076876352,0.063755142,0.102638972,0.110266726,0.085534591,0.114652956,0.096256684,0.076685538,0.0,0.0,0.0,0.03188
2022-05-31,0.099877128,0.039012496,0.002073059,-0.024110088,-0.028558699,0.017313112,-0.010283893,0.002767528,0.048780488,0.006692161,-0.00619,-0.00406,0.0,-0.01319
2022-06-01,-0.119853176,-0.091962452,-0.062694921,-0.056753292,-0.063470388,-0.086015831,-0.083272355,-0.096780129,-0.090365449,-0.055792972,-0.00738,-0.00714,0.0,-0.01909
2022-06-02,0.064732548,0.016637054,0.021821389,0.021744502,0.008715652,0.037961894,0.028416347,0.055204726,0.043827611,0.018104099,-0.00738,-0.00714,0.0,-0.03776
2022-06-03,-0.047343324,-0.03124669,-0.024945441,-0.030229746,-0.032548575,-0.047698512,-0.029028252,-0.055694981,0.023093072,-0.037293159,-0.01628,-0.00714,0.00911,0.00283
2022-06-04,0.011798355,0.031762519,0.005565308,0.020074813,0.016948675,0.081337617,0.018545164,0.002453235,-0.018467852,0.005900462,0.0,0.0,0.0,0.0
2022-06-05,0.001590106,-0.048005087,0.00175638,-0.010145459,0.000582153,0.031330182,-0.009574635,-0.004690527,-0.000696864,0.007651109,0.0,0.0,0.0,0.0
2022-06-06,0.073381549,0.033004954,0.048695059,0.01815263,0.029844295,0.043734451,0.020602219,0.039852474,0.009762901,0.018729436,0.00315,0.00406,0.01068,0.01129
2022-06-07,0.008216927,-0.020096983,-0.007719324,-0.025955124,-0.024675017,0.091707439,-0.00947205,0.00591133,-0.031077348,0.012173913,0.00955,0.00945,0.00606,-0.04188
2022-06-08,0.043846781,-0.028426898,-0.029650534,-0.013447889,-0.011954543,-0.000574581,-0.038250509,-0.041821743,-0.002138275,-0.017918508,-0.01076,-0.0073,0.00606,-0.0025
2022-06-09,-0.013272954,-0.007074137,-0.003522112,0.001009719,-0.001853682,0.06496493,-0.019070905,-0.006848615,-0.001428571,-0.00099975,-0.01076,-0.0073,0.00606,0.0889
2022-06-10,-0.092103181,-0.046166999,-0.033758669,-0.050561089,-0.070822449,-0.132908659,-0.058657361,-0.084499794,-0.048640916,-0.046534901,-0.01076,-0.0073,0.00606,0.06363
2022-06-11,-0.036255883,-0.06555124,-0.023321331,-0.073041169,-0.078755042,-0.124517495,-0.080141218,-0.082855537,-0.059398496,-0.057465232,0.0,0.0,0.0,0.0
2022-06-12,-0.113763791,-0.066184934,-0.063479126,-0.090401146,-0.062903521,-0.10979946,-0.080598733,-0.03272861,-0.051958433,-0.045100223,0.0,0.0,0.0,0.0
2022-06-13,-0.053673469,-0.13243854,-0.063479126,-0.146479761,-0.062903521,-0.054481547,-0.093091213,0.046255227,-0.099494098,-0.09271137,0.0,0.0,0.0,0.0
2022-06-14,0.039465171,-0.005604231,-0.015718514,0.024358738,-0.001802964,0.1345049,0.061910242,-0.008599806,0.055243446,0.03277635,-0.00342,0.00191,0.0,-0.03909
2022-06-15,0.108091286,0.013652961,0.020270933,0.129346064,0.024814821,0.08966339,0.096879064,0.124984728,0.07364685,0.06813939,0.01462,0.02502,0.00294,-0.09391
2022-06-16,-0.109904512,-0.144009397,-0.097217452,-0.120433881,-0.137271706,-0.132176052,-0.115984983,-0.119461338,-0.099173554,-0.089426158,0.01462,0.02502,0.00294,0.11242
2022-06-17,0.023769457,0.11115177,0.002916136,0.02992383,0.01697123,0.000945031,0.062583818,0.033793784,0.025688073,0.025911708,0.00222,0.0143,0.00702,-0.05524
2022-06-18,-0.065954387,-0.051210275,-0.072337079,-0.069906674,-0.083670442,-0.068607396,-0.00778292,-0.072655691,-0.037567084,-0.042095416,0.0,0.0,0.0,0.0
2022-06-19,0.064672239,0.044689344,0.084373162,0.143884892,0.133365513,0.114039534,0.149671401,0.063167374,0.065055762,0.061197917,0.0,0.0,0.0,0.0
2022-06-20,0.015082645,-0.015200598,-0.00012504,-0.007613373,-3.54915e-05,0.057628147,-0.028028766,0.005203291,-0.013961606,-0.011656442,0.0,0.0,0.0,-0.00321
2022-06-21,-0.021575412,0.005988529,0.007216225,0.095730487,-0.002023088,-0.018067106,0.014608234,0.015288311,0.012389381,0.020173805,0.0,0.02519,0.0,-0.02707
2022-06-22,-0.04618265,-0.055504318,-0.035897505,-0.062100457,-0.067937513,-0.035046729,-0.026364996,-0.01031539,-0.013111888,-0.020687557,-0.00129,-0.00146,0.0,-0.04107
2022-06-23,0.046237732,0.03195739,0.057237966,0.037812399,0.090775541,0.057354722,0.069713847,0.071163292,0.045172719,0.041006524,0.00958,0.01622,0.01116,0.00345
2022-06-24,0.037940379,-0.020043011,0.005737399,0.045973417,0.07054029,0.038500072,0.001615799,0.04798121,0.083050847,0.094897046,0.00958,0.01622,-0.00266,-0.06265
2022-06-25,0.000401687,0.013606039,0.012004547,0.023770369,0.013789498,0.000551268,0.054490052,0.090715048,-0.007824726,0.001090215,0.0,0.0,0.0,0.0
2022-06-26,-0.016663321,-0.020871222,-0.020598681,0.065274533,-0.034448026,-0.076721763,-0.037395886,-0.085714286,-0.052050473,-0.023141846,0.0,0.0,0.0,0.0
2022-06-27,-0.009391588,-0.015390058,-0.014914998,-0.012474297,-0.006275819,-0.023869909,-0.013950203,0.031999144,-0.011647255,-0.016164994,-0.00294,-0.00716,0.0,-0.01028
2022-06-28,-0.033388293,-0.073392023,-0.022501998,-0.083564686,-0.040580148,-0.036527587,-0.057127507,-0.080472882,-0.037878788,-0.045609065,-0.00294,-0.00716,-0.00038,0.05232
2022-06-29,-0.007462687,0.012893844,-0.007791838,0.051348076,-0.038252466,-0.013007614,0.017473884,-0.008909439,-0.037620297,-0.023745919,-0.0006,-0.00025,-0.00038,-0.00705
2022-06-30,-0.012030075,-0.011964012,-0.009239998,-0.044085867,-0.026558419,0.007875281,0.004480119,0.002048248,0.020909091,0.009729401,-0.00859,-0.01332,-0.00038,0.01953
2022-07-01,-0.02587519,-0.018502373,-0.033109492,-0.000150716,-0.010771086,-0.033328018,-0.049990708,-0.053032024,-0.024933215,-0.057211683,0.01057,0.00899,0.00495,-0.07001
2022-07-02,0.016071429,0.050532965,-0.001229653,0.003466988,0.007258911,0.025074233,-0.012519562,0.001079266,-0.00913242,0.006387736,0.0,0.0,0.0,0.0
2022-07-03,0.000659051,-0.006012777,0.003565547,0.00826198,0.006812488,-0.000643708,0.007527734,0.003593675,0.004608295,0.018724215,0.0,0.0,0.0,0.0
2022-07-04,0.0298573,0.021077505,0.047610138,0.032479142,0.071634279,0.034460548,0.026150216,0.078419671,0.019266055,0.02211838,0.0,0.0,0.0,0.03109
2022-07-05,-0.026220422,-0.036471351,-0.00267751,-0.031313131,-0.015524304,-0.018368618,-0.04847672,-0.033646929,-0.02880288,-0.009753124,0.00177,0.01762,0.00415,0.00036
2022-07-06,0.011164623,0.017292727,0.019165432,0.018620587,0.047218983,0.003330162,0.012686267,0.046844577,0.012974977,0.021545091,0.00359,0.0035,0.00415,-0.02941
2022-07-07,0.033557047,0.053073945,0.051922995,0.031880667,0.043217115,0.049628576,0.036190097,0.022319475,0.040256176,0.030430853,0.01508,0.02285,0.00605,-0.02432
2022-07-08,-0.024298282,-0.027172451,-0.00088609,-0.02111678,-0.018307672,-0.043065803,-0.015544041,-0.040239726,-0.004397537,-0.006432749,-0.00075,0.00122,0.00605,-0.05521
2022-07-09,0.025547445,0.027009587,-0.00048535,0.005501665,0.00208402,0.019826908,0.05380117,0.00970116,-0.005300353,0.014420247,0.0,0.0,0.0,0.0
2022-07-10,-0.032865815,-0.041647967,-0.034085544,-0.03225342,-0.040459339,-0.044900478,-0.036256012,-0.039977913,-0.047069272,-0.056861039,0.0,0.0,0.0,0.0
2022-07-11,-0.06017316,-0.072679592,-0.043282023,-0.082130635,-0.061371872,-0.024878837,-0.065642994,-0.073162315,-0.055917987,-0.031682559,-0.01151,0.0,0.00714,0.06209
2022-07-12,-0.040764625,-0.018987981,-0.031815686,-0.03144756,-0.053209452,-0.015241882,-0.027937551,-0.029167184,-0.009871668,-0.011435832,-0.00923,-0.00948,0.00679,0.0428
2022-07-13,0.05210084,0.055183774,0.04770139,0.036150628,0.074418963,0.038358008,0.046703297,0.039503963,0.049850449,0.039524422,-0.00444,-0.00152,0.00679,-0.01722
2022-07-14,0.006389776,0.004878525,0.017130802,0.008237764,0.069973174,0.015716137,0.035735918,0.029762637,0.017094017,0.030911901,-0.00287,0.00033,0.00679,-0.01566
2022-07-15,0.002040816,0.030488397,0.012143917,0.008170458,0.032426041,0.008454299,0.008966862,0.010748836,0.00280112,0.0011994,-0.00287,0.01789,0.00679,-0.0822
2022-07-16,0.036433582,0.031659286,0.017848715,0.023041475,0.101589467,0.043024359,0.064528594,0.025522864,0.020484171,0.049715484,0.0,0.0,0.0,0.0
2022-07-17,-0.022707424,0.00611928,-0.019161272,-0.021435228,-0.013521982,-0.038216561,0.01107078,-0.033068326,-0.028284672,-0.021112696,0.0,0.0,0.0,0.0
2022-07-18,0.096738159,0.102124183,0.079574622,0.072063492,-0.013521982,0.110848313,0.052234787,0.097950429,0.072300469,0.064704168,-0.00836,-0.00807,0.00655,0.04416
2022-07-19,0.049500917,0.057655877,0.042433441,0.022505182,-0.025531243,0.030518098,-0.011941317,0.086390276,0.03765324,0.021352313,-0.00836,-0.00807,0.00655,-0.03162
2022-07-20,-0.04697205,-0.051553617,-0.007570115,0.015783377,-0.013868008,-0.054545455,-0.012085635,-0.08041958,-0.054852321,-0.026534441,0.00591,0.01575,0.00532,-0.02531
2022-07-21,0.017515275,0.010427786,-0.002981126,-0.002138275,0.035459874,0.019085082,0.014505418,0.020749593,0.014285714,0.009911894,0.00995,0.01362,0.00918,-0.03224
2022-07-22,-0.033226581,0.002112791,-0.020179204,-0.036285714,-0.025366826,-0.030164403,-0.033936262,-0.00798212,-0.014084507,-0.023991276,-0.00932,-0.0187,-0.00626,-0.00346
2022-07-23,0.070393375,-0.006487188,-0.01032252,0.008745924,0.008777699,0.009139151,0.004636234,0.047097951,-0.003571429,0.003631285,0.0,0.0,0.0,0.0
2022-07-24,-0.009477756,0.076803787,0.005935292,-0.007200588,0.031326048,0.036079462,0.03656372,-0.012602459,0.01344086,-0.001948233,0.0,0.0,0.0,0.0
2022-07-25,-0.073227885,-0.10611688,-0.056665368,-0.084073416,-0.099961195,-0.094741294,-0.07619863,-0.093597593,-0.063660477,-0.063301729,0.00132,-0.00435,0.00974,0.01433
2022-07-26,-0.01348504,0.009836344,-0.002229931,0.010180995,0.008066703,-0.011836163,-0.001482854,0.006067544,-0.002832861,0.004763322,-0.01153,-0.01867,0.0062,0.05693
2022-07-27,0.091841094,0.069443278,0.080068849,0.075507919,0.129186471,0.08179669,0.095786152,0.086367774,0.066287879,0.065185185,-0.01153,-0.01867,-0.00481,-0.05873
2022-07-28,0.003716745,0.069443278,0.039000548,0.028261193,0.054335076,0.052301865,0.074877181,0.025767257,0.036412078,0.040055633,0.01226,0.01086,0.00066,-0.03916
2022-07-29,0.01754044,-0.024770583,-0.003625975,-0.005062925,-0.002051199,0.091236328,-0.043183609,-0.009700807,0.00856898,-0.01577962,0.01432,0.01882,0.00448,-0.04478
2022-07-30,0.007852902,-0.04303481,-0.005179823,0.012649026,-0.014376292,-0.007739152,-0.00395322,0.040420705,0.016142736,0.053804348,0.0,0.0,0.0,0.0
2022-07-31,-0.018244014,-0.041325724,-0.014289502,-0.022110553,-0.010586031,-0.020329881,-0.011575988,-0.032705649,-0.016722408,-0.021918515,0.0,0.0,0.0,0.0
2022-08-01,-0.007549361,-0.009969875,-0.00156898,0.005432389,-0.029132803,-0.011224223,-0.00501924,0.038934426,0.005952381,0.000263644,-0.00282,-0.00175,-0.00089,0.07079
2022-08-02,-0.031987517,-0.0310802,-0.012035286,-0.028475467,0.000300499,-0.052930306,-0.023036825,-0.054733728,-0.027049873,-0.021613073,-0.00666,-0.00163,-0.00089,0.04772
2022-08-03,0.009067097,-0.000299088,-0.007230501,-0.004208628,-0.007620577,0.015191638,-0.005679862,0.004486176,-0.008688097,-0.004040948,0.01565,-0.00163,0.00902,-0.08274
2022-08-04,-0.002196486,0.004936425,-0.008861239,0.01509434,-0.00662268,0.010845689,0.033408343,0.031159119,-0.001752848,0.003786854,-0.00069,0.00423,0.00223,-0.02323
2022-08-05,0.035821493,0.056862161,0.030775331,0.037769517,0.080113933,0.070487573,0.046566164,0.077759871,0.040386304,0.014281865,-0.0015,-0.00477,0.00223,-0.01353
2022-08-06,-0.012171561,-0.004225352,-0.015558839,-0.016478005,-0.026549131,-0.010149708,-0.025768246,-0.019626168,0.027848101,-0.013283741,0.0,0.0,0.0,0.0
2022-08-07,0.031879523,-0.002758133,0.009734105,0.004662005,0.005837922,0.069341195,0.004107114,0.010486177,0.017241379,0.002423263,0.0,0.0,0.0,0.0
2022-08-08,0.018006065,0.018154741,0.027517854,0.016966357,0.045544356,0.032242599,0.024705497,0.024528302,0.050040355,0.017459038,-0.00122,-0.00102,0.00333,0.00662
2022-08-09,-0.044684416,-0.061363795,-0.027754966,-0.015257379,-0.041946243,0.016140269,-0.054606419,-0.061694291,-0.0622598,-0.029831045,-0.00419,-0.01188,0.00333,0.02255
2022-08-10,0.047748977,0.055283467,0.034677281,0.03214596,0.088434376,0.035538796,0.040533694,0.052993131,0.032786885,0.038095238,-0.00419,-0.01188,0.00333,-0.09325
2022-08-11,-0.013020833,0.005555165,-0.000680727,-0.005331089,0.014568108,-0.011035092,0.004544717,-0.018639329,-0.005555556,-0.003145478,-0.00044,-0.00574,0.00402,0.0233
2022-08-12,0.019035055,0.000769231,0.019579959,0.020310296,0.041572305,0.041173845,0.017288738,0.014245014,0.008778931,-0.001314752,0.01745,0.02096,0.00609,-0.03317
2022-08-13,0.035139634,0.008315282,0.001543902,0.008570639,0.012775231,-0.019504876,0.013977128,-0.004681648,0.003164557,-0.004739336,0.0,0.0,0.0,0.0
2022-08-14,0.018402716,-0.033541234,-0.005568539,0.119517544,-0.024326081,-0.042081102,-0.010651629,0.00752587,-0.008675079,-0.006349206,0.0,0.0,0.0,0.0
2022-08-15,-0.034912281,-0.015560017,-0.008720183,-0.061581783,-0.018791128,-0.013121862,-0.038790374,-0.016806723,-0.017501989,-0.001331203,0.004,0.00621,0.00152,0.02151
2022-08-16,0.012724959,-0.006191274,-0.010084355,0.132289628,-0.011833821,-0.022545959,0.010212486,-0.02374169,-0.013765182,0.005065316,0.00193,-0.0019,0.0055,-0.01303
2022-08-17,-0.033566685,-0.019349164,-0.021820607,-0.07650651,-0.022970871,-0.046723445,-0.014022501,-0.057198444,-0.00410509,0.006366048,-0.00706,-0.01227,0.00514,0.01067
2022-08-18,-0.049034175,-0.034678625,-0.00584968,-0.067124142,0.006717411,-0.051371138,-0.007441707,-0.046739579,-0.044517725,-0.02398524,0.00242,0.00218,0.00887,-0.01709
2022-08-19,-0.120507813,-0.113580056,-0.102065771,-0.093486693,-0.128528564,-0.097449313,-0.099966678,-0.088645957,-0.067299396,-0.096678369,-0.01287,-0.02005,0.00617,0.05317
2022-08-20,0.001998668,0.002096253,0.014814171,0.023015639,-0.020707871,0.000434783,0.00166605,-0.011638955,0.008325624,0.007174888,0.0,0.0,0.0,0.0
2022-08-21,0.025265957,0.043231936,0.017629786,-0.000144217,0.026736814,0.025641026,0.027906117,0.023672194,0.017431193,0.023152271,0.0,0.0,0.0,0.0
2022-08-22,-0.002377864,0.025482496,-0.005351203,-0.013414106,0.004196902,-0.004943503,0.029665588,-0.024416011,-0.012623986,-0.002320859,0.0,0.0,0.0,0.0
2022-08-23,0.00823402,0.086850253,0.005652426,0.005409357,0.024688394,0.027395316,-0.003317618,0.005414511,0.010958904,0.009014248,-0.00222,-1e-05,-0.00017,0.01303
2022-08-24,-0.016548463,-0.022038981,-0.007043013,-0.012650865,-0.004949662,-0.016164686,-0.011212334,-0.004188607,-0.011743451,-0.004322767,0.00294,0.00409,-0.00017,-0.0535
2022-08-25,0.014641608,-7.66518e-05,0.009191798,0.016494845,0.023742545,0.001123438,0.004075124,0.007811561,0.008226691,0.011287988,0.01412,0.01674,0.00851,-0.04557
2022-08-26,-0.070213224,-0.109620544,-0.061092107,-0.079397276,-0.110717339,-0.087810352,-0.070054703,-0.073336513,-0.05893019,-0.029765312,0.01412,0.01674,0.0043,-0.04557
2022-08-27,0.042158907,-0.00757641,-0.010350163,-0.000472144,-0.011159811,0.004305705,0.00626186,-0.000900785,0.01734104,-0.012684366,0.0,0.0,0.0,0.0
2022-08-28,-0.046232496,-0.023943784,-0.024170568,-0.026924894,-0.043493422,-0.04302557,0.006411465,-0.034003091,-0.029356061,-0.037346878,0.0,0.0,0.0,0.0
2022-08-29,0.049871825,0.063105502,0.037756315,0.033333333,0.088334268,0.07232,0.045343826,0.061466667,0.033170732,0.036002483,-0.00662,-0.01019,0.0,0.02543
2022-08-30,0.005327414,-0.041969735,-0.023598032,-0.036486063,-0.017894872,-0.021784542,-0.050008962,-0.030021354,-0.033050047,-0.021569802,-0.01095,-0.01116,0.00264,0.0
2022-08-31,-0.015235151,0.004974256,0.011949927,-0.00276288,0.01937532,0.011134838,0.015849057,0.000777001,0.018554688,0.003368034,-0.00762,-0.00556,0.00775,-0.01297
2022-09-01,0.025784753,0.013633206,0.003972513,0.016460235,0.020474082,0.044350581,0.069279346,0.00944617,0.007670182,0.016478486,0.00317,-0.00253,0.00775,-0.01198
2022-09-02,-0.006775956,-0.002570033,-0.008568833,-0.011383678,-0.006349386,0.00072223,0.059927045,-0.005255736,-0.004757374,-0.005403783,-0.01066,-0.01308,0.00775,-0.00352
2022-09-03,0.056998239,0.011852615,-0.006145578,0.017191048,-0.011656757,-0.009670901,-0.013765978,0.015206186,0.005736138,-0.005131301,0.0,0.0,0.0,0.0
2022-09-04,0.048303144,0.004923181,0.008503745,0.008131378,0.01381666,0.042705145,0.012296444,0.025894897,0.010456274,0.006371359,0.0,0.0,0.0,0.0
2022-09-05,-0.009533267,0.062336346,-0.010506682,-0.007749486,0.024343597,0.031450937,-0.009192383,-0.022766642,-0.011288805,0.00331625,0.0,0.0,0.0,0.02042
2022-09-06,-0.072588731,-0.108372426,-0.050589872,-0.061364361,-0.036228748,-0.097574197,-0.103545394,-0.066852368,-0.050142721,-0.034855769,-0.00404,-0.00738,0.0,0.0354
2022-09-07,0.035027027,0.058676654,0.026371398,0.035489896,0.045609083,0.063523052,0.059138791,0.036227951,0.031753982,0.048879203,0.01837,0.02141,0.007,-0.08436
2022-09-08,0.000835596,0.066795822,0.00177576,-0.000327976,0.003435583,0.045749788,0.011865294,0.011915674,0.013592233,0.008014248,0.00673,0.00602,0.007,-0.0418
2022-09-09,0.048632853,0.049348598,0.10599236,0.048064304,0.051204451,0.045908723,0.055181928,0.043995859,0.095785441,0.051531213,0.01536,0.02109,0.00987,-0.03473
2022-09-10,0.019705414,-0.001580135,0.01335534,0.012834559,0.032186582,0.020784921,0.034973035,0.008924145,0.002622378,0.001120134,0.0,0.0,0.0,0.0
2022-09-11,-0.004294359,-0.017333635,0.008373074,-0.015299026,-0.004321882,0.016188188,-0.017527238,-0.012407862,-0.002615519,-0.006433566,0.0,0.0,0.0,0.0
2022-09-12,-0.016859439,-0.010813713,0.02583158,0.003923415,-0.028573531,-0.034225264,-0.013179042,-0.011444209,-0.005244755,0.01295045,0.01058,0.01272,0.00801,0.04739
2022-09-13,-0.07557328,-0.088308265,-0.099406174,-0.067375332,-0.082707555,-0.094458763,-0.03762215,-0.080156034,-0.079964851,-0.075597554,0.01058,0.01272,0.00801,0.04739
2022-09-14,0.037748059,0.021005188,0.002969698,0.025142474,0.041306778,0.061192543,0.018615671,0.018467852,0.004775549,0.027660854,0.00366,0.00752,0.00361,-0.0407
2022-09-15,-0.031178549,-0.020822922,-0.026368411,-0.041366906,-0.101909002,0.014348934,-0.064130254,-0.033445265,-0.02851711,-0.045640726,-0.01122,-0.01425,0.00361,0.0042
2022-09-16,0.018450976,0.017437904,0.005272549,0.031553812,-0.026172997,0.012030672,-0.006745961,0.029460812,0.047945205,0.089209074,-0.00717,-0.00898,0.00238,0.00114
2022-09-17,0.024225827,0.020817657,0.01587203,0.02827381,0.024463552,0.057478772,0.03360143,0.015388769,0.058823529,0.059104982,0.0,0.0,0.0,0.0
2022-09-18,-0.07918552,-0.084602785,-0.034825421,-0.076539637,-0.091725945,-0.071031501,-0.089399965,-0.064344589,-0.054673721,-0.049162902,0.0,0.0,0.0,0.0
2022-09-19,0.010944829,0.002505144,0.00636326,0.019850252,0.031409728,-0.02912234,0.004747436,0.033105996,0.041977612,0.075461151,0.00687,0.00757,0.00767,-0.02053
2022-09-20,-0.022978347,0.006961178,-0.033842717,-0.002561038,-0.038613293,-0.057252431,-0.010773011,-0.027919131,0.050134288,0.076923077,-0.01126,-0.00953,0.00472,0.05435
2022-09-21,-0.007236545,-0.034388017,-0.021816795,-0.021225608,-0.058031699,-0.029202383,-0.023500191,-0.036502547,-0.056265985,-0.048745174,-0.01126,-0.01784,-0.00387,0.03056
2022-09-22,0.043280182,0.070215695,0.050785546,0.04232249,0.064078184,0.065848548,0.047935825,0.057562408,0.110207769,-0.048745174,-0.00838,-0.01367,-0.00387,-0.02287
2022-09-23,0.008296943,0.030274443,-0.005917254,0.062919463,0.00060325,0.045914069,0.031179985,0.000555401,0.001627339,0.043872297,-0.00838,-0.01797,0.00196,0.09397
2022-09-24,-0.023170204,-0.02322484,-0.01901081,-0.00394633,-0.007415502,0.023895825,-0.032409922,-0.018179295,-0.040617384,-0.037095501,0.0,0.0,0.0,0.0
2022-09-25,-0.010418976,-0.03332197,-0.006047751,-0.030269414,-0.016999339,0.031991609,-0.016467066,-0.013427562,-0.00592718,0.007377049,0.0,0.0,0.0,0.0
2022-09-26,0.0015681,0.025566429,0.022382847,-0.000980552,0.032385381,0.009274552,0.01674277,0.007449857,-0.031516184,-0.047599675,-0.01034,-0.00597,0.00458,0.07821
2022-09-27,-0.012972489,-0.016762658,-0.007777043,-0.01014232,-0.006389107,0.013846928,-0.014221557,-0.014931741,-0.030782762,-0.046561299,-0.00206,0.00246,-0.00528,0.01054
2022-09-28,-0.011556764,-0.00166113,0.017360885,0.0,0.006806665,-0.032033772,0.011389522,0.015013714,-0.019056261,0.005600358,-0.00206,0.02051,0.00232,-0.07423
2022-09-29,0.0043558,0.024345389,0.00931299,0.005288382,-0.000934824,0.013468445,0.012762763,0.008106955,0.068455134,0.084874137,-0.00206,0.02051,0.00232,0.055
2022-09-30,-0.007532527,0.027015474,-0.008565613,0.013808976,-0.005389625,-0.040121504,-0.009080801,-0.014390519,-0.007792208,-0.014989733,-0.01502,-0.01507,0.00685,-0.00691
2022-10-01,-0.010809568,-0.024723217,-0.005748591,-0.017350413,-0.012719199,-0.024920886,-0.010286142,-0.008445462,0.059336824,-0.008963936,0.0,0.0,0.0,0.0
2022-10-02,-0.024645431,-0.024155002,-0.013244824,-0.021947195,-0.026764751,-0.038404327,-0.020975057,-0.014436264,-0.024711697,-0.056794279,0.0,0.0,0.0,0.0
2022-10-03,0.019308701,0.016968425,0.030128843,0.018221697,0.036524137,0.030937983,0.045937078,0.020506811,-0.013513514,0.030776093,0.0,0.02268,0.00282,-0.04807
2022-10-04,0.018709074,0.042573321,0.036278387,0.091135046,0.029153946,0.05388078,0.020852556,0.011195637,0.020547945,0.037646041,0.0,0.02268,0.00562,-0.03422
2022-10-05,-0.010560147,0.007589507,-0.009036313,-0.016097191,-0.006946178,0.019285529,-0.012292119,-0.001987225,-0.002516779,0.019599666,-0.00192,-0.00248,0.00914,-0.01789
2022-10-06,-0.005104408,-0.031357459,-0.009703017,-0.020990894,-2.95762e-05,-0.03047619,-0.020131772,-0.0109515,0.0058873,0.008997955,-0.00999,-0.00673,0.00914,0.069
2022-10-07,-0.010960821,-0.013354746,-0.021653263,-0.016711335,-0.015720201,-0.004060249,-0.012700784,-0.000575209,0.022575251,0.050263478,-0.00999,-0.00673,0.00838,0.02752
2022-10-08,-0.004715869,0.002570033,-0.005810224,-0.011544012,-0.011771865,-0.019857969,-0.000945895,-0.005467626,0.031888798,-0.002122733,0.0,0.0,0.0,0.0
2022-10-09,0.002132196,0.001623515,0.001189022,0.007623682,0.006035866,0.024285523,0.021586821,0.001736111,0.020602219,0.029007929,0.0,0.0,0.0,0.0
2022-10-10,-0.05177305,-0.047602798,-0.015998531,-0.04378622,-0.025215164,-0.037987949,-0.024467099,-0.037694974,-0.039596273,-0.070099605,-0.00749,-0.01035,0.00257,0.03476
2022-10-11,-0.02617801,-0.004209961,-0.003819383,0.013973064,-0.00794549,-0.029003268,-0.011590348,-0.022812547,-0.061438965,-0.018189167,-0.0065,-0.01099,0.00387,0.03636
2022-10-12,-0.023809524,0.005307187,0.005066562,-0.006807239,0.011329984,0.002243725,0.004036909,-0.005529105,0.001722653,0.004940305,-0.00326,-0.00087,0.00849,-0.00178
2022-10-13,-0.01127721,-0.026306371,0.011697299,-0.002507523,-0.005238393,-0.015950749,-0.020869232,-0.018996139,-0.0361135,-0.017410897,-0.00326,0.02228,0.00849,-0.04856
2022-10-14,-0.027055703,-0.011762544,-0.01016053,-0.016926429,0.00708344,-0.019906157,0.003324208,-0.018734257,0.003568243,0.018344799,-0.00326,0.02228,0.00232,0.0025
2022-10-15,-0.007088332,0.004370467,-0.005853923,-0.001363791,-0.016751116,-0.000870448,-0.017735334,0.023744585,-0.005333333,-0.013715455,0.0,0.0,0.0,0.0
2022-10-16,0.017023613,0.021479493,0.010201513,0.005633322,0.024284067,0.040946711,0.020634921,0.005171603,0.014298481,-0.01079286,0.0,0.0,0.0,0.0
2022-10-17,0.005939525,0.002447204,0.014858084,0.017993549,0.019642078,0.022318315,0.00777605,0.011537262,0.006167401,0.006924045,0.0,0.0,0.00289,-0.0203
2022-10-18,-0.027643586,-0.01681736,-0.011263145,-0.003501751,-0.015576184,-0.02783463,0.000578704,-0.026048089,-0.015761821,-0.029381121,0.01145,0.00905,0.00205,-0.02773
2022-10-19,-0.034777808,-0.025933419,-0.010677543,-0.017904953,-0.019782114,-0.049263158,-0.017929439,-0.040512739,-0.013345196,-0.032632031,-0.00667,-0.00853,0.01085,0.00852
2022-10-20,-0.027738061,0.004909366,-0.004201551,0.012608622,-0.001688913,-0.017124299,0.005692972,-0.008576612,-0.008115419,-0.008877053,-0.00784,-0.00614,0.00952,-0.02536
2022-10-21,0.027058824,0.005636979,0.006451532,-0.001682652,0.013409424,0.022679483,0.007807925,0.022458825,0.008181818,0.033363189,-0.00784,0.02307,-0.00634,-0.00967
2022-10-22,0.006300115,0.014667414,0.00214803,0.006404854,0.010793304,0.008811867,0.010846407,-0.004881224,0.00270514,0.008667389,0.0,0.0,0.0,0.0
2022-10-23,0.030734206,0.021084615,0.019004486,0.011220901,0.038275072,0.028533993,0.035255796,0.017331589,0.006294964,0.007303974,0.0,0.0,0.0,0.0
2022-10-24,-0.013528437,-0.027051398,-0.012340721,-0.015071216,-0.014931828,-0.021939137,-0.02739219,-0.030858245,-0.014298481,-0.033482619,0.01188,0.00856,0.0069,0.00539
2022-10-25,0.119507417,0.045041705,0.039114254,0.059862115,0.086722279,0.022431259,0.064700285,0.037313433,0.013599275,0.016769638,0.01627,0.02251,0.00149,-0.04657
2022-10-26,0.00775,0.015253636,0.034329358,0.059862115,0.072913029,0.013305025,0.008221626,0.019504396,0.015205725,0.017795139,-0.00737,-0.02036,-0.00022,-0.04146
2022-10-27,-0.036715455,-0.017819706,-0.023173969,0.056761957,-0.033506717,-0.037156027,-0.029250133,-0.015994982,-0.022026432,-0.015565032,-0.00606,-0.01623,0.00509,0.00403
2022-10-28,0.041720319,0.028459623,0.015008908,0.090779035,0.026922442,0.031916437,0.003287071,0.023266932,0.015315315,0.027507039,-0.00606,-0.01623,0.00744,-0.05988
2022-10-29,0.039555006,0.02576963,0.010694232,0.090779035,0.041990329,0.07380852,0.030942847,0.031147796,0.007985803,-0.008642496,0.0,0.0,0.0,0.0
2022-10-30,-0.034958383,-0.020148373,-0.009103663,-0.033661741,-0.018198985,0.019114952,-0.022245763,0.013895182,-0.021126761,-0.025728259,0.0,0.0,0.0,0.0
2022-10-31,-0.000492854,-0.009722103,-0.006693439,0.078164826,-0.011345565,0.00950668,-0.006500542,0.002085506,0.0,0.013749454,-0.00742,-0.01028,0.00695,0.00505
2022-11-01,-0.010848126,-0.00086881,-0.00059973,0.120567376,0.003579421,-0.02201578,0.001635769,-0.033447302,-0.011690647,-0.002152853,-0.00409,-0.00885,0.00424,-0.0027
2022-11-02,-0.038634098,-0.01173913,-0.016110139,-0.101969058,-0.038124561,-0.032530904,0.105969878,-0.04214088,-0.020928116,-0.029557713,-0.00409,-0.00885,0.00315,0.00194
2022-11-03,0.009592948,0.018037835,0.002861492,-0.039937353,0.008259074,0.038063215,0.015258409,0.023121387,0.011152416,0.011338373,-0.01046,-0.01726,0.00628,-0.02166
2022-11-04,0.08269132,0.076058773,0.046645411,0.029363785,0.074591572,0.129696813,0.092598578,0.092906466,0.0625,0.113211695,0.01383,0.01312,-0.00064,-0.02964
2022-11-05,0.011622391,-0.005863454,0.007137859,-0.013470681,-0.010723013,-0.006422755,0.024996302,0.021539345,-0.01816609,-0.026263823,0.0,0.0,0.0,0.0
2022-11-06,-0.057209848,-0.058172417,-0.018354516,-0.077108434,-0.036050927,-0.064181,-0.014718615,-0.068315997,-0.039647577,-0.044412898,0.0,0.0,0.0,0.0
2022-11-07,0.004973887,0.011152097,-0.015153088,-0.032201915,-0.000191235,0.104230912,-0.011862917,0.002112251,0.004587156,-0.013370119,0.00963,0.00853,0.00516,-0.00815
2022-11-08,-0.078693393,-0.124543989,-0.09949776,-0.032201915,-0.149338519,-0.139298481,-0.143471172,-0.148449262,-0.097899543,-0.126478813,0.00561,0.00491,0.00099,0.04887
2022-11-09,-0.148267526,-0.137997868,-0.09949776,-0.032201915,-0.149338519,-0.194938352,-0.125800311,-0.192008487,-0.148410609,-0.126478813,0.00561,0.00491,0.00856,0.02153
2022-11-10,0.159886471,0.152220349,0.109965095,-0.032201915,-0.149338519,0.159438981,-0.125800311,0.159080963,0.152401331,-0.126478813,0.00561,0.00491,-0.00732,-0.09812
2022-11-11,-0.036160957,0.003122256,-0.031432823,-0.052361282,-0.008317837,-0.023776418,0.016072908,-0.064376062,-0.0187745,-0.026128869,0.00924,0.01882,0.00047,-0.04292
2022-11-12,-0.043159379,-0.003598872,-0.013747874,0.037111216,-0.023559985,-0.10724968,-0.023809524,-0.064366425,-0.044154752,-0.053920292,0.0,0.0,0.0,0.0
2022-11-13,-0.028891509,-0.030163998,-0.02780689,-0.035783256,-0.027969242,-0.032705807,-0.042432342,-0.033858098,-0.03233612,-0.064151982,0.0,0.0,0.0,0.0
2022-11-14,0.006982392,0.043683946,0.017450285,0.010838831,0.017657909,0.036450602,-0.012561061,-0.015625,0.035462605,0.107090321,-0.00871,-0.01112,0.00195,0.05373
2022-11-15,0.015676816,0.000385765,0.017303478,0.013286713,0.008546871,0.020050923,0.024028269,0.020181406,0.014489572,0.031623704,0.00879,0.01451,0.00052,0.03413
2022-11-16,-0.015434847,0.006169864,-0.013690863,-0.017253278,-0.029361022,-0.036973479,-0.008454106,-0.041120249,-0.029539061,-0.033745492,-0.00802,-0.01502,0.00569,-0.01752
2022-11-17,-0.020801929,-0.005557152,0.001931758,-0.010065543,-0.012993318,0.00728981,0.088219941,-0.033611497,0.00713569,0.017328712,-0.00288,-0.00337,0.00645,-0.00747
2022-11-18,0.002463054,0.00780422,-0.00013549,0.000354694,0.009612739,-0.00659376,0.0,-0.009114896,-0.013173918,0.002096436,0.00479,0.00011,0.00555,-0.03385
2022-11-19,0.006756757,0.000478011,0.000345966,-0.002363787,0.004574807,-0.006151854,0.021106492,0.007988381,0.014135068,0.004445607,0.0,0.0,0.0,0.0
2022-11-20,-0.04881025,0.001146679,-0.025780821,-0.088733562,-0.062514385,-0.061410653,-0.028969621,-0.079731028,-0.044469027,-0.060400937,0.0,0.0,0.0,0.0
2022-11-21,-0.024053881,-0.014794311,-0.030356967,-0.030161206,-0.030233149,0.018569941,-0.012256088,-0.036534447,-0.025005788,0.008589637,-0.00377,-0.01089,0.00368,-0.03287
